run,crossing_mean,N,vision_range,stoch_variable,strategy,max_peds,mean
0,0.33183593750000007,4.70703125,4.07421875,0.206259765625,Free,10,0.06
1,0.33183593750000007,4.70703125,4.07421875,0.206259765625,Free,10,0.127
2,0.3681640625,4.70703125,4.07421875,0.206259765625,Free,10,0.056
3,0.3681640625,4.70703125,4.07421875,0.206259765625,Free,10,0.107
4,0.33183593750000007,27.40234375,4.07421875,0.206259765625,Free,10,0.136
