run,crossing_mean,N,vision_range,stoch_variable,strategy,max_peds,mean
1,0.33183593750000007,4.70703125,4.07421875,0.206259765625,Free,10,0.016
2,0.33183593750000007,4.70703125,4.07421875,0.206259765625,Free,10,0.018
